amount,transaction_type,location,is_fraud
500,Online,Bangalore,0
1000,Online,Chennai,0
1500,Card,Kochi,0
2000,Cash,Bangalore,0
2500,Online,Chennai,0
3000,Card,Kochi,0
3500,Online,Bangalore,0
4000,Cash,Mumbai,0
4500,Card,Chennai,0
5000,Online,Delhi,0
6000,Cash,Kochi,0
7000,Card,Mumbai,0
8000,Online,Bangalore,0
9000,Cash,Chennai,0
10000,Card,Kochi,0
12000,Online,Unknown,1
15000,Card,Unknown,1
18000,Cash,Unknown,1
20000,Online,Delhi,1
22000,Card,Mumbai,1
25000,Cash,Unknown,1
30000,Online,Mumbai,1
40000,Card,Unknown,1
50000,Cash,Unknown,1